timestamp,device_id,device_type,status,temperature,brightness,recording_status
2024-06-04T11:16:47.121833,9,Thermostat,off,16.791772017538438,,
2024-06-04T11:16:57.141390,924,Security Camera,on,22.5659998090175,,not recording
2024-06-04T11:17:07.164953,165,Light,off,17.45513761433051,,not recording
2024-06-04T11:17:17.181795,748,Light,off,20.589442894034164,8,not recording
2024-06-04T11:17:27.198628,610,Light,off,,,not recording
2024-06-04T11:17:52.145873,195,Thermostat,on,,,
2024-06-04T11:18:02.178263,319,Thermostat,on,,,
2024-06-04T11:18:12.193824,170,Light,on,,,
2024-06-04T11:18:22.201464,94,Security Camera,off,,72,recording
2024-06-04T11:18:32.218522,465,Thermostat,off,22.410721449407678,46,
2024-06-04T11:18:42.233914,202,Light,off,,,
2024-06-04T11:18:52.251108,806,Security Camera,on,,,
2024-06-04T11:19:02.266938,519,Thermostat,on,19.76139637660772,,
2024-06-04T11:19:12.274534,56,Security Camera,off,16.882617537769022,,
2024-06-04T11:19:22.291046,594,Thermostat,on,,87,recording
2024-06-04T11:19:32.308070,622,Light,off,21.721276628930074,78,not recording
2024-06-04T11:19:42.324065,68,Security Camera,off,16.05254725513489,,recording
2024-06-04T11:19:52.341300,25,Security Camera,on,21.10307449566759,,recording
2024-06-04T11:20:02.357639,806,Thermostat,on,23.104360636406383,,
2024-06-04T11:20:12.373908,175,Security Camera,on,21.086170644301816,,recording
2024-06-04T11:20:22.381916,162,Security Camera,off,,,not recording
2024-06-04T11:20:32.398011,237,Light,on,,,
2024-06-04T11:20:42.415161,212,Security Camera,off,20.38058536791096,72,recording
2024-06-04T11:20:52.432722,48,Security Camera,on,19.3090998052342,,not recording
2024-06-04T11:21:02.447998,115,Security Camera,off,21.58890924719322,38,not recording
2024-06-04T11:21:12.464870,241,Security Camera,on,,90,
2024-06-04T11:21:22.481935,382,Thermostat,off,,,recording
2024-06-04T11:21:32.496968,715,Security Camera,on,,19,
2024-06-04T11:21:42.513956,986,Light,on,20.171315315828842,,not recording
2024-06-04T11:21:52.530017,155,Security Camera,off,24.61233900369509,90,recording
2024-06-04T11:22:02.547507,393,Light,on,,,
2024-06-04T13:05:10.721099,337,Thermostat,off,,,
2024-06-04T13:05:20.748355,743,Light,off,18.5508160200527,,
2024-06-04T13:05:30.763984,82,Security Camera,on,,,
2024-06-04T13:14:09.507897,927,Security Camera,off,,,recording
2024-06-04T13:14:19.527993,780,Security Camera,off,,,not recording
2024-06-04T13:14:29.542450,401,Thermostat,off,,,
2024-06-04T13:14:39.558897,411,Security Camera,on,24.894292682785185,42,
2024-06-04T13:14:49.575103,617,Security Camera,on,,,not recording
2024-06-04T13:14:59.592911,624,Security Camera,off,16.767404988120823,13,recording
2024-06-04T13:15:09.606791,652,Thermostat,off,,44,
2024-06-04T13:15:19.615262,107,Light,off,,,
2024-06-04T13:15:29.632419,471,Security Camera,on,,76,
2024-06-04T13:15:39.648826,562,Security Camera,off,,,not recording
2024-06-04T13:15:49.664797,291,Thermostat,on,,,
2024-06-04T13:15:59.675674,831,Light,off,16.833135416214358,,not recording
2024-06-05T08:50:36.769597,548,Light,off,,,
2024-06-05T08:50:47.371739,554,Light,off,15.211163376590331,,
2024-06-05T08:50:57.390039,549,Thermostat,off,19.995943780032764,,recording
2024-06-05T08:51:07.407125,618,Light,off,,40,
2024-06-05T08:51:17.424726,539,Thermostat,on,,,
2024-06-05T08:51:27.441327,773,Security Camera,on,,54,
2024-06-05T08:51:37.457689,532,Light,off,,,
2024-06-05T08:51:47.470365,42,Light,off,,53,
2024-06-05T08:51:57.479136,271,Security Camera,on,,,recording
2024-06-05T08:52:07.496989,132,Security Camera,off,,,recording
2024-06-05T08:52:17.513658,933,Security Camera,off,19.420392727360003,,
2024-06-05T09:22:47.067671,975,Light,on,,,
2024-06-05T09:22:57.086413,476,Security Camera,off,,,recording
2024-06-05T13:09:09.187937,615,Thermostat,off,,,not recording
2024-06-05T13:09:19.660288,168,Security Camera,on,20.308072975289413,,
2024-06-05T13:09:29.672356,520,Thermostat,off,,5,not recording
2024-06-05T13:09:39.688236,182,Security Camera,off,,,
2024-06-05T13:09:49.705193,285,Security Camera,on,,,not recording
2024-06-05T13:09:59.721377,58,Thermostat,off,,44,
2024-06-05T13:10:09.737266,770,Thermostat,on,20.42312657795481,,not recording
2024-06-05T13:10:19.745459,40,Security Camera,on,,,
2024-06-05T13:10:29.761192,368,Light,off,,,not recording
2024-06-05T13:10:39.777775,298,Thermostat,on,20.113412391727394,,
2024-06-05T13:10:49.794722,856,Security Camera,off,,,
2024-06-05T13:10:59.803354,33,Security Camera,on,21.1849724227442,79,
2024-06-05T13:11:09.828063,950,Security Camera,on,18.88080875577009,,not recording
2024-06-05T13:11:19.844223,968,Light,on,,,not recording
2024-06-05T13:11:29.860904,578,Light,on,,70,
2024-06-05T13:11:39.876951,159,Thermostat,off,20.181100561086595,19,
2024-06-05T13:11:49.886311,696,Security Camera,off,,66,
2024-06-05T13:11:59.895497,118,Light,off,,14,recording
2024-06-05T13:12:09.912668,758,Security Camera,on,15.621654976440624,,
2024-06-05T13:12:19.928355,764,Security Camera,off,,,recording
2024-06-05T13:12:29.944953,253,Thermostat,on,20.328297036757753,,
2024-06-05T13:12:39.961051,3,Security Camera,on,16.409980685155936,86,
2024-06-05T13:12:49.978072,567,Security Camera,on,17.991938301688222,,
2024-06-05T13:12:59.994237,918,Light,on,,,not recording
2024-06-05T13:13:10.011748,224,Light,off,,,recording
2024-06-05T13:13:20.028809,955,Security Camera,on,,,
2024-06-05T13:13:30.044590,51,Thermostat,off,,83,
2024-06-05T13:13:40.069234,545,Security Camera,on,17.20792669885763,57,recording
2024-06-05T13:13:50.086036,977,Security Camera,off,,30,
2024-06-05T13:14:00.102247,832,Light,off,22.435292341555808,,
2024-06-05T13:14:10.117151,225,Light,off,,29,
2024-06-05T13:14:20.134003,972,Security Camera,on,,96,
2024-06-05T13:14:30.150100,313,Light,off,,,
2024-06-05T13:14:40.165970,721,Light,on,,51,
2024-06-05T13:14:50.181156,352,Security Camera,off,,,
2024-06-05T13:15:00.196378,453,Security Camera,on,22.222490009164396,78,recording
2024-06-05T13:15:10.212547,157,Light,on,,26,
2024-06-05T13:52:26.138908,820,Light,off,15.539202838823769,,
2024-06-06T05:18:31.666528,382,Light,on,20.74219004266602,,recording
2024-06-06T05:18:41.931116,507,Security Camera,on,21.456933754248997,7,
